{"cameraMode":{"drawMode":0,"name":"Shaded","section":"Shading Mode"},"sceneLighting":false,"audioPlay":false,"sceneViewState":{"showFog":true,"showMaterialUpdate":false,"showSkybox":false,"showFlares":true,"showImageEffects":true,"showParticleSystems":true,"showVisualEffectGraphs":true,"m_FxEnabled":true},"in2DMode":false,"pivot":{"x":0.43423137068748476,"y":1.3899301290512086,"z":1.8392714262008668},"rotation":{"x":-0.00821575615555048,"y":-0.9917901754379273,"z":0.09431193023920059,"w":-0.0862114429473877},"size":0.506078839302063,"orthographic":false}