{"cameraMode":{"drawMode":0,"name":"Shaded","section":"Shading Mode"},"sceneLighting":false,"audioPlay":false,"sceneViewState":{"showFog":true,"showMaterialUpdate":false,"showSkybox":false,"showFlares":true,"showImageEffects":true,"showParticleSystems":true,"showVisualEffectGraphs":true,"m_FxEnabled":true},"in2DMode":false,"pivot":{"x":-0.39637112617492678,"y":1.1461814641952515,"z":-0.7680836915969849},"rotation":{"x":-0.0006752351764589548,"y":0.8171315789222717,"z":0.0009817482205107809,"w":0.5765100717544556},"size":2.0456831455230715,"orthographic":false}