{"cameraMode":{"drawMode":0,"name":"Shaded","section":"Shading Mode"},"sceneLighting":false,"audioPlay":false,"sceneViewState":{"showFog":true,"showMaterialUpdate":false,"showSkybox":false,"showFlares":true,"showImageEffects":true,"showParticleSystems":true,"showVisualEffectGraphs":true,"m_FxEnabled":true},"in2DMode":false,"pivot":{"x":-0.8162004947662354,"y":0.8955492973327637,"z":0.012974143028259278},"rotation":{"x":0.24455419182777406,"y":0.7334821224212647,"z":-0.33176305890083315,"w":0.5405377745628357},"size":3.199571371078491,"orthographic":false}