{"cameraMode":{"drawMode":0,"name":"Shaded","section":"Shading Mode"},"sceneLighting":true,"audioPlay":false,"sceneViewState":{"showFog":true,"showMaterialUpdate":false,"showSkybox":true,"showFlares":true,"showImageEffects":true,"showParticleSystems":true,"showVisualEffectGraphs":true,"m_FxEnabled":true},"in2DMode":false,"pivot":{"x":40.51533126831055,"y":-16.411487579345704,"z":3.1716318130493166},"rotation":{"x":0.16038861870765687,"y":0.5609965920448303,"z":-0.11185608059167862,"w":0.8043831586837769},"size":27.550832748413087,"orthographic":false}