{"cameraMode":{"drawMode":0,"name":"Shaded","section":"Shading Mode"},"sceneLighting":true,"audioPlay":false,"sceneViewState":{"showFog":true,"showMaterialUpdate":false,"showSkybox":true,"showFlares":true,"showImageEffects":true,"showParticleSystems":true,"showVisualEffectGraphs":true,"m_FxEnabled":true},"in2DMode":false,"pivot":{"x":0.7918696403503418,"y":0.5280600786209106,"z":-7.853535175323486},"rotation":{"x":0.045657191425561908,"y":0.219636932015419,"z":-0.010249163955450058,"w":0.9744902849197388},"size":3.1606457233428957,"orthographic":false}