{"cameraMode":{"drawMode":0,"name":"Shaded","section":"Shading Mode"},"sceneLighting":true,"audioPlay":false,"sceneViewState":{"showFog":true,"showMaterialUpdate":false,"showSkybox":true,"showFlares":true,"showImageEffects":true,"showParticleSystems":true,"showVisualEffectGraphs":true,"m_FxEnabled":true},"in2DMode":false,"pivot":{"x":3.857443332672119,"y":-2.9963932037353517,"z":-19.28434944152832},"rotation":{"x":0.4857902526855469,"y":-0.00653628446161747,"z":0.0036831062752753498,"w":0.8739899396896362},"size":25.100446701049806,"orthographic":false}