{"cameraMode":{"drawMode":0,"name":"Shaded","section":"Shading Mode"},"sceneLighting":true,"audioPlay":false,"sceneViewState":{"showFog":true,"showMaterialUpdate":false,"showSkybox":true,"showFlares":true,"showImageEffects":true,"showParticleSystems":true,"showVisualEffectGraphs":true,"m_FxEnabled":true},"in2DMode":false,"pivot":{"x":5.5439982414245609,"y":1.1201363801956177,"z":-14.60610580444336},"rotation":{"x":0.007188919931650162,"y":-0.018586087971925737,"z":-0.0001922391529660672,"w":-0.999832034111023},"size":1.6606459617614747,"orthographic":false}