{"cameraMode":{"drawMode":0,"name":"Shaded","section":"Shading Mode"},"sceneLighting":false,"audioPlay":false,"sceneViewState":{"showFog":true,"showMaterialUpdate":false,"showSkybox":false,"showFlares":true,"showImageEffects":true,"showParticleSystems":true,"showVisualEffectGraphs":true,"m_FxEnabled":true},"in2DMode":false,"pivot":{"x":0.0563778430223465,"y":2.0562548637390138,"z":-10.8728609085083},"rotation":{"x":0.0007942052907310426,"y":0.9991642236709595,"z":-0.03629336506128311,"w":0.020099222660064698},"size":1.5873215198516846,"orthographic":false}