{"cameraMode":{"drawMode":0,"name":"Shaded","section":"Shading Mode"},"sceneLighting":false,"audioPlay":false,"sceneViewState":{"showFog":true,"showMaterialUpdate":false,"showSkybox":false,"showFlares":true,"showImageEffects":true,"showParticleSystems":true,"showVisualEffectGraphs":true,"m_FxEnabled":true},"in2DMode":false,"pivot":{"x":0.40501999855041506,"y":3.1375064849853517,"z":-9.508261680603028},"rotation":{"x":-0.09644371271133423,"y":0.8857934474945068,"z":-0.40071362257003786,"w":-0.21341553330421449},"size":0.5880669951438904,"orthographic":false}