{"cameraMode":{"drawMode":0,"name":"Shaded","section":"Shading Mode"},"sceneLighting":false,"audioPlay":false,"sceneViewState":{"showFog":true,"showMaterialUpdate":false,"showSkybox":false,"showFlares":true,"showImageEffects":true,"showParticleSystems":true,"showVisualEffectGraphs":true,"m_FxEnabled":true},"in2DMode":false,"pivot":{"x":11.504714012145996,"y":0.07800006866455078,"z":-2.2212276458740236},"rotation":{"x":-0.23827192187309266,"y":0.12631180882453919,"z":0.0312713161110878,"w":0.9624432325363159},"size":7.848601341247559,"orthographic":false}